archivo;categoria;titulo;nota
DSC02672.jpg;Fotografías;;
DSC02673.jpg;Fotografías;;
DSC02674.jpg;Fotografías;;
DSC02676.jpg;Fotografías;;
DSC02677.jpg;Fotografías;;
DSC02681.jpg;Fotografías;;
DSC02689.jpg;Fotografías;;
DSC02703.jpg;Fotografías;;
DSC02705.jpg;Fotografías;;
DSC02722.jpg;Fotografías;;
DSC02731.jpg;Fotografías;;
DSC02740.jpg;Fotografías;;
DSC02749.jpg;Fotografías;;
DSC02754.jpg;Fotografías;;
DSC02761.jpg;Fotografías;;
DSC02766.jpg;Fotografías;;
DSC02767.jpg;Fotografías;;
DSC02773.jpg;Fotografías;;
DSC02774.jpg;Fotografías;;
DSC02789.jpg;Fotografías;;
DSC02790.jpg;Fotografías;;
DSC02797.jpg;Fotografías;;
DSC02801.jpg;Fotografías;;
DSC02802.jpg;Fotografías;;
DSC02810.jpg;Fotografías;;
DSC02812.jpg;Fotografías;;
DSC02817.jpg;Fotografías;;
DSC02818.jpg;Fotografías;;
DSC02821.jpg;Fotografías;;
DSC02827.jpg;Fotografías;;
DSC02828.jpg;Fotografías;;
DSC02830.jpg;Fotografías;;
DSC02834.jpg;Fotografías;;
DSC02842.jpg;Fotografías;;
DSC02850.jpg;Fotografías;;
DSC02852.jpg;Fotografías;;
DSC02854.jpg;Fotografías;;
DSC02858.jpg;Fotografías;;
DSC02859.jpg;Fotografías;;
DSC02860.jpg;Fotografías;;
DSC02861.jpg;Fotografías;;
DSC02863.jpg;Fotografías;;
DSC02864.jpg;Fotografías;;
DSC02867.jpg;Fotografías;;
DSC02872.jpg;Fotografías;;
DSC02873.jpg;Fotografías;;
DSC02880.jpg;Fotografías;;
DSC02883.jpg;Fotografías;;
DSC02884.jpg;Fotografías;;
DSC02888.jpg;Fotografías;;
DSC02889.jpg;Fotografías;;
DSC02891.jpg;Fotografías;;
DSC02892.jpg;Fotografías;;
DSC02897.jpg;Fotografías;;
DSC02899.jpg;Fotografías;;
DSC02906.jpg;Fotografías;;
DSC02918.jpg;Fotografías;;
DSC02928.jpg;Fotografías;;
DSC02931.jpg;Fotografías;;
DSC02938.jpg;Fotografías;;
DSC02941.jpg;Fotografías;;
DSC02951.jpg;Fotografías;;
DSC02955.jpg;Fotografías;;
DSC02958.jpg;Fotografías;;
DSC02968.jpg;Fotografías;;
DSC02975.jpg;Fotografías;;
DSC02976.jpg;Fotografías;;
DSC02985.jpg;Fotografías;;
DSC02986.jpg;Fotografías;;
DSC02988.jpg;Fotografías;;
DSC02989.jpg;Fotografías;;
DSC02996.jpg;Fotografías;;
DSC02997.jpg;Fotografías;;
DSC02998.jpg;Fotografías;;
DSC03001.jpg;Fotografías;;
DSC03002.jpg;Fotografías;;
DSC03006.jpg;Fotografías;;
DSC03007.jpg;Fotografías;;
DSC03019.jpg;Fotografías;;
DSC03024.jpg;Fotografías;;
DSC03025.jpg;Fotografías;;
DSC03029.jpg;Fotografías;;
DSC03031.jpg;Fotografías;;
DSC03032.jpg;Fotografías;;
DSC03037.jpg;Fotografías;;
DSC03054.jpg;Fotografías;;
DSC03066.jpg;Fotografías;;
DSC03067.jpg;Fotografías;;
DSC03070.jpg;Fotografías;;
DSC03079.jpg;Fotografías;;
DSC03080.jpg;Fotografías;;
DSC03081.jpg;Fotografías;;
DSC03090.jpg;Fotografías;;
DSC03091.jpg;Fotografías;;
DSC03095.jpg;Fotografías;;
DSC03096.jpg;Fotografías;;
DSC03106.jpg;Fotografías;;
DSC03107.jpg;Fotografías;;
DSC03113.jpg;Fotografías;;
DSC03119.jpg;Fotografías;;
DSC03120.jpg;Fotografías;;
DSC03124.jpg;Fotografías;;
DSC03126.jpg;Fotografías;;
DSC03127.jpg;Fotografías;;
DSC03128.jpg;Fotografías;;
DSC03132.jpg;Fotografías;;
DSC03141.jpg;Fotografías;;
DSC03154.jpg;Fotografías;;
DSC03156.jpg;Fotografías;;
DSC03158.jpg;Fotografías;;
DSC03159.jpg;Fotografías;;
DSC03160.jpg;Fotografías;;
DSC03161.jpg;Fotografías;;
DSC03164.jpg;Fotografías;;
DSC03165.jpg;Fotografías;;
DSC03166.jpg;Fotografías;;
DSC03167.jpg;Fotografías;;
DSC03171.jpg;Fotografías;;
DSC03178.jpg;Fotografías;;
DSC03184.jpg;Fotografías;;
